Ders,Konu,Tamamlandı,Bitirme Tarihi
AYT Edebiyat,Şiir Bilgisi,False,3
AYT Edebiyat,Edebi Sanatlar,False,-
AYT Edebiyat,İslamiyet Öncesi,False,-
AYT Edebiyat,Divan Edebiyatı,False,-
AYT Edebiyat,Tanzimat Edebiyatı,False,-
AYT Edebiyat,Servet-i Fünun,False,-
AYT Edebiyat,Cumhuriyet Dönemi,False,-
AYT Matematik,Polinomlar,False,-
AYT Matematik,2. Dereceden Denklemler,False,-
AYT Matematik,Logaritma,False,-
AYT Matematik,Diziler,False,-
AYT Matematik,Trigonometri,False,-
AYT Matematik,Limit,False,-
AYT Matematik,Türev,False,-
AYT Matematik,İntegral,False,-
AYT Tarih,Tarih ve Zaman,False,-
AYT Tarih,İlk Türk Devletleri,False,-
AYT Tarih,İslam Tarihi,False,-
AYT Tarih,Selçuklu,False,-
AYT Tarih,Osmanlı Kuruluş,False,-
AYT Tarih,Milli Mücadele,False,-
AYT Coğrafya,Ekosistem,False,-
AYT Coğrafya,Nüfus Politikaları,False,-
AYT Coğrafya,Türkiye Ekonomisi,False,-
AYT Coğrafya,Küresel Ortam,False,-
AYT Coğrafya,Çevre ve Toplum,False,-
